"author","title","yearFirstPublished","mostReadRank2","mostReadRank","mostPopularRank","mostPopularRank2","numRatings","numRatingsAbbrev","numReviews","numReviewsAbbrev","averageRating","whichListCategory","book_id_title","numPages","ratingDistribution","original_language","gender","race (from perspective of U.S. racial logics)","author_nationality","AP_English_Recommended","Top College Syllabi","isbn","isbn13","book_cover"
"Homer","The Odyssey",-700,,"False",25,25,797889,"798k",10618,"11k",3.75,"Most Shelved","1381.The_Odyssey",541,"[241050, 253302, 200526, 70700, 32311]","Greek","Man","White","Greek",,"Top 200 College English Syllabi Author",140268863,9780140268867,"http://books.google.com/books/content?id=biBRxQmHPLIC&printsec=frontcover&img=1&zoom=1&edge=curl&source=gbs_api"
"Homer","The Iliad",-750,,"False",50,50,320638,"321k",6194,"6k",3.85,"Most Shelved","1371.The_Iliad",683,"[104807, 104779, 78417, 23669, 8966]","Greek","Man","White","Greek",,"Top 200 College English Syllabi Author",471377589,9780471377580,"https://images.penguinrandomhouse.com/cover/9780140275360"
"Unknown","Beowulf",975,49,49,82,82,211041,"211k",5864,"6k",3.43,"Most Shelved and Most Read","52357.Beowulf",213,"[43893, 59416, 65131, 28969, 13632]","Old English","Man","White","Unknown",,,451527402,9780451527400,"http://books.google.com/books/content?id=CcMDLQSuecIC&printsec=frontcover&img=1&zoom=1&source=gbs_api"
"Geoffrey Chaucer","The Canterbury Tales",1390,,"False",83,83,175741,"176k",3077,"3k",3.49,"Most Shelved","2696.The_Canterbury_Tales",504,"[34149, 54334, 58285, 21404, 7569]","English","Man","White","British","AP English Recommended Author","Top 200 College English Syllabi Author",140440224,9780140440225,"http://books.google.com/books/content?id=l6a5AAAAIAAJ&printsec=frontcover&img=1&zoom=1&source=gbs_api"
"Niccolò Machiavelli","The Prince",1513,93,93,"False",,227885,"228k",7186,"7k",3.81,"Most Read","28862.The_Prince",140,"[65643, 79535, 60770, 16728, 5209]","Italian","Man","White","Italian",,,553212788,9780553212785,"http://books.google.com/books/content?id=zazxOmXqYwcC&printsec=frontcover&img=1&zoom=1&edge=curl&source=gbs_api"
"William Shakespeare","Romeo and Juliet",1595,40,40,9,9,1890960,"2M",17592,"18k",3.74,"Most Shelved and Most Read","18135.Romeo_and_Juliet",283,"[559597, 586344, 507182, 171477, 66360]","English","Man","White","British","AP English Recommended Author","Top 200 College English Syllabi Author",486275574,9780486275574,"http://covers.openlibrary.org/b/isbn/9780486275574-M.jpg"
"William Shakespeare","A Midsummer Night's Dream",1595,77,77,46,46,411919,"412k",7141,"7k",3.94,"Most Shelved and Most Read","1622.A_Midsummer_Night_s_Dream",240,"[138369, 147942, 95446, 23448, 6714]","English","Man","White","British","AP English Recommended Author","Top 200 College English Syllabi Author",1903436605,9781903436608,"http://books.google.com/books/content?id=KLmsqtpuE9IC&printsec=frontcover&img=1&zoom=1&source=gbs_api"
"William Shakespeare","Much Ado About Nothing",1598,,"False",94,94,202408,"202k",3356,"3k",4.06,"Most Shelved","12957.Much_Ado_About_Nothing",246,"[78135, 72557, 40808, 8434, 2474]","English","Man","White","British","AP English Recommended Author","Top 200 College English Syllabi Author",451526813,9780451526816,"http://covers.openlibrary.org/b/isbn/9780451526816-M.jpg"
"William Shakespeare","Hamlet",1603,39,39,28,28,662353,"662k",11213,"11k",4.01,"Most Shelved and Most Read","1420.Hamlet",289,"[255063, 222653, 135824, 36648, 12165]","English","Man","White","British","AP English Recommended Author","Top 200 College English Syllabi Author",312055447,9780312055448,"http://books.google.com/books/content?id=mSxwQgAACAAJ&printsec=frontcover&img=1&zoom=1&source=gbs_api"
"William Shakespeare","Othello",1603,97,97,68,68,288265,"288k",5603,"6k",3.89,"Most Shelved and Most Read","12996.Othello",314,"[89343, 104221, 71826, 18126, 4749]","English","Man","White","British","AP English Recommended Author","Top 200 College English Syllabi Author",521618762,9780521618762,"http://books.google.com/books/content?id=CidwsUhJntMC&printsec=frontcover&img=1&zoom=1&edge=curl&source=gbs_api"
"Miguel de Cervantes Saavedra","Don Quixote",1605,,"False",69,69,187407,"187k",7041,"7k",3.87,"Most Shelved","3836.Don_Quixote",1023,"[63976, 59682, 44184, 14185, 5380]","Spanish","Man","White","Spanish",,,60934344,9780060934347,"http://covers.openlibrary.org/b/isbn/9780060934347-M.jpg"
"William Shakespeare","Macbeth",1606,69,69,31,31,610118,"610k",9800,"10k",3.89,"Most Shelved and Most Read","8852.Macbeth",246,"[198507, 213513, 145236, 40236, 12626]","English","Man","White","British","AP English Recommended Author","Top 200 College English Syllabi Author",521606861,9780521606868,"http://covers.openlibrary.org/b/isbn/9780521606868-M.jpg"
"Daniel Defoe","Robinson Crusoe",1719,,"False",78,78,227683,"228k",5851,"6k",3.67,"Most Shelved","2932.Robinson_Crusoe",320,"[54969, 77744, 66704, 20845, 7421]","English","Man","White","British","AP English Recommended Author","Top 200 College English Syllabi Author",141439823,9780141439822,"http://covers.openlibrary.org/b/isbn/9780141439822-M.jpg"
"Jonathan Swift","Gulliver's Travels",1726,,"False",72,72,214063,"214k",4967,"5k",3.56,"Most Shelved","7733.Gulliver_s_Travels",306,"[43076, 70201, 71754, 22318, 6714]","English","Man","White","Irish","AP English Recommended Author","Top 200 College English Syllabi Author",451527321,9780451527325,"http://covers.openlibrary.org/b/isbn/9780451527325-M.jpg"
"Voltaire","Candide",1759,82,82,89,89,201910,"202k",6857,"7k",3.76,"Most Shelved and Most Read","19380.Candide",129,"[55848, 70542, 53253, 16567, 5700]","French","Man","White","French",,"Top 200 College English Syllabi Author",553211668,9780553211665,"http://books.google.com/books/content?id=moMOAQAAIAAJ&printsec=frontcover&img=1&zoom=1&source=gbs_api"
"Jane Austen","Sense and Sensibility",1811,,"False",15,15,880179,"880k",14284,"14k",4.07,"Most Shelved","14935.Sense_and_Sensibility",409,"[355779, 307071, 158075, 38552, 20702]","English","Woman","White","British","AP English Recommended Author","Top 200 College English Syllabi Author",192804782,9780192804785,"http://books.google.com/books/content?id=s5p8oNFLxvkC&printsec=frontcover&img=1&zoom=1&source=gbs_api"
"Jane Austen","Pride and Prejudice",1813,6,6,1,1,2637514,"3M",58234,"58k",4.25,"Most Shelved and Most Read","1885.Pride_and_Prejudice",279,"[1408962, 725263, 334618, 101998, 66673]","English","Woman","White","British","AP English Recommended Author","Top 200 College English Syllabi Author",553213105,9780553213102,"https://pictures.abebooks.com/isbn/9780553213102-us.jpg"
"Jane Austen","Mansfield Park",1814,,"False",42,42,262706,"263k",8580,"9k",3.85,"Most Shelved","45032.Mansfield_Park",507,"[77493, 95716, 67697, 16821, 4979]","English","Woman","White","British","AP English Recommended Author","Top 200 College English Syllabi Author",1593081545,9780192802644,"http://covers.openlibrary.org/b/isbn/9780192802644-M.jpg"
"Jane Austen","Emma",1815,94,94,16,16,577825,"578k",14557,"15k",4,"Most Shelved and Most Read","6969.Emma",474,"[213135, 205249, 116423, 29626, 13392]","English","Woman","White","British","AP English Recommended Author","Top 200 College English Syllabi Author",553212737,9780553212730,"http://books.google.com/books/content?id=u7fXvgEACAAJ&printsec=frontcover&img=1&zoom=1&source=gbs_api"
"Mary Wollstonecraft Shelley","Frankenstein",1818,13,13,11,11,1042679,"1M",27498,"27k",3.78,"Most Shelved and Most Read","35031085-frankenstein",288,"[305451, 356990, 263944, 83108, 33186]","English","Woman","White","British",,"Top 200 College English Syllabi Author",141439475,9780141439471,"http://covers.openlibrary.org/b/isbn/9780141439471-M.jpg"
"Jane Austen","Persuasion",1818,61,61,23,23,477182,"477k",15937,"16k",4.14,"Most Shelved and Most Read","2156.Persuasion",249,"[210889, 156278, 82446, 18690, 8879]","English","Woman","White","British","AP English Recommended Author","Top 200 College English Syllabi Author",141439688,9780141439686,"http://books.google.com/books/content?id=feYi2K3hpZ0C&printsec=frontcover&img=1&zoom=1&edge=curl&source=gbs_api"
"Jane Austen","Northanger Abbey",1818,65,65,38,38,273808,"274k",10946,"11k",3.81,"Most Shelved and Most Read","50398.Northanger_Abbey",251,"[75786, 99621, 74994, 18277, 5130]","English","Woman","White","British","AP English Recommended Author","Top 200 College English Syllabi Author",375759174,9780375759178,"http://books.google.com/books/content?id=WnMqDU91ASkC&printsec=frontcover&img=1&zoom=1&source=gbs_api"
"Victor Hugo","The Hunchback of Notre-Dame",1831,,"False",97,97,157017,"157k",4320,"4k",3.99,"Most Shelved","30597.The_Hunchback_of_Notre_Dame",510,"[56186, 55911, 34749, 7840, 2331]","French","Man","White","French",,,1853260681,9789953634593,"https://images-na.ssl-images-amazon.com/images/I/81IH4G3D6DL.jpg"
"Charles Dickens","Oliver Twist",1838,,"False",53,53,292392,"292k",6714,"7k",3.86,"Most Shelved","18254.Oliver_Twist",608,"[84633, 110792, 73896, 17461, 5610]","English","Man","White","British","AP English Recommended Author","Top 200 College English Syllabi Author",486424537,9780486424538,"http://books.google.com/books/content?id=QJrP4tDptroC&printsec=frontcover&img=1&zoom=1&edge=curl&source=gbs_api"
"Charles Dickens","A Christmas Carol",1843,,"False",30,30,538390,"538k",15475,"15k",4.04,"Most Shelved","5326.A_Christmas_Carol",104,"[209183, 185684, 109782, 25246, 8495]","English","Man","White","British","AP English Recommended Author","Top 200 College English Syllabi Author",1580495796,9781580495790,"http://books.google.com/books/content?id=oWYO1uH9mmcC&printsec=frontcover&img=1&zoom=1&edge=curl&source=gbs_api"
"Alexandre Dumas","The Three Musketeers",1844,60,60,FALSE,,274581,"2575k",6823,"7k",4.07,"Most Shelved","7190.The_Three_Musketeers",625,,"French","Man","Black","French",,,670037796,9780670037797,"http://covers.openlibrary.org/b/isbn/9780670037797-M.jpg"
"Alexandre Dumas","The Count of Monte Cristo",1844,,"False",24,24,689613,"690k",18969,"19k",4.24,"Most Shelved","7126.The_Count_of_Monte_Cristo",1276,"[348482, 206361, 98636, 24625, 11509]","French","Man","Black","French",,,553213504,9780375760303,"http://covers.openlibrary.org/b/isbn/9780375760303-M.jpg"
"Frederick Douglass","Narrative of the Life of Frederick Douglass",1845,59,59,"False",,82628,"83k",3671,"4k",4.01,"Most Read","36529.Narrative_of_the_Life_of_Frederick_Douglass",158,"[32479, 27356, 15939, 4487, 2367]","English","Man","Black","American","AP English Recommended Author","Top 200 College English Syllabi Author",486284999,9780486284996,"http://covers.openlibrary.org/b/isbn/9780486284996-M.jpg"
"Charlotte Brontë","Jane Eyre",1847,24,24,4,4,1470100,"1M",37204,"37k",4.12,"Most Shelved and Most Read","10210.Jane_Eyre",532,"[667305, 455544, 236681, 71161, 39409]","English","Woman","White","British","AP English Recommended Author",,1551111802,9781551111803,"https://images-na.ssl-images-amazon.com/images/I/51Uz5FayRhL._SX322_BO1,204,203,200_.jpg"
"Emily Brontë","Wuthering Heights",1847,38,38,6,6,1198251,"1M",32027,"32k",3.84,"Most Shelved and Most Read","6185.Wuthering_Heights",464,"[424277, 368957, 252944, 97990, 54083]","English","Woman","White","British","AP English Recommended Author",,553212583,9780553212587,"http://books.google.com/books/content?id=JXKh0lNjWcgC&printsec=frontcover&img=1&zoom=1&source=gbs_api"
"Charles Dickens","David Copperfield",1849,,"False",75,75,186115,"186k",5748,"6k",3.98,"Most Shelved","58696.David_Copperfield",882,"[68061, 64464, 39482, 10332, 3776]","English","Man","White","British","AP English Recommended Author","Top 200 College English Syllabi Author",679783415,9780679783411,"http://books.google.com/books/content?id=YuxjEEYa9qcC&printsec=frontcover&img=1&zoom=1&edge=curl&source=gbs_api"
"Nathaniel Hawthorne","The Scarlet Letter",1850,96,96,21,21,647339,"647k",13502,"14k",3.39,"Most Shelved and Most Read","12296.The_Scarlet_Letter",279,"[116300, 191896, 208816, 90604, 39723]","English","Man","White","American","AP English Recommended Author","Top 200 College English Syllabi Author",679783385,9780679783381,"http://books.google.com/books/content?id=Iqtb9zytWCIC&printsec=frontcover&img=1&zoom=1&edge=curl&source=gbs_api"
"Herman Melville","Moby-Dick, or, the Whale",1851,,"False",45,45,448783,"449k",13807,"14k",3.49,"Most Shelved","153747.Moby_Dick_or_the_Whale",654,"[119510, 117001, 115538, 57775, 38959]",,,,,"AP English Recommended Author","Top 200 College English Syllabi Author",553213113,9780553213119,"http://books.google.com/books/content?id=byc6aTO1EOMC&printsec=frontcover&img=1&zoom=1&source=gbs_api"
"Harriet Beecher Stowe","Uncle Tom's Cabin",1852,,"False",96,96,181538,"182k",7038,"7k",3.86,"Most Shelved","46787.Uncle_Tom_s_Cabin",438,"[58303, 61027, 44757, 13124, 4327]","English","Woman","White","American",,,9953633290,9789953633299,"https://images-na.ssl-images-amazon.com/images/I/810QsPbWDHL.jpg"
"Gustave Flaubert","Madame Bovary",1856,,"False",67,67,224978,"225k",9403,"9k",3.66,"Most Shelved","2175.Madame_Bovary",329,"[56693, 75735, 61667, 22009, 8874]","French","Man","White","French",,,140449124,9780140449129,"http://books.google.com/books/content?id=Cg5CwY-GAl0C&printsec=frontcover&img=1&zoom=1&edge=curl&source=gbs_api"
"Charles Dickens","A Tale of Two Cities",1859,83,83,19,19,755280,"755k",15696,"16k",3.83,"Most Shelved and Most Read","1953.A_Tale_of_Two_Cities",489,"[255103, 241623, 167196, 60052, 31306]","English","Man","White","British","AP English Recommended Author","Top 200 College English Syllabi Author",553211765,9780553211764,"http://books.google.com/books/content?id=ffdvDwAAQBAJ&printsec=frontcover&img=1&zoom=1&edge=curl&source=gbs_api"
"Charles Dickens","Great Expectations",1861,,"False",20,20,596245,"596k",14538,"15k",3.77,"Most Shelved","2623.Great_Expectations",505,"[180570, 200032, 138392, 50768, 26483]","English","Man","White","British","AP English Recommended Author","Top 200 College English Syllabi Author",141439564,9780141439563,"http://books.google.com/books/content?id=d55huNQmSGgC&printsec=frontcover&img=1&zoom=1&source=gbs_api"
"Victor Hugo","Les Misérables",1862,,"False",34,34,622352,"622k",14529,"15k",4.16,"Most Shelved","24280.Les_Mis_rables",1463,"[299431, 184746, 94025, 27794, 16356]","French","Man","White","French",,,375403175,9780375403170,"http://books.google.com/books/content?id=AWKAPwAACAAJ&printsec=frontcover&img=1&zoom=1&source=gbs_api"
"Jules Verne","Journey to the Center of the Earth",1864,81,81,"False",,134234,"134k",4538,"5k",3.86,"Most Read","32829.Journey_to_the_Center_of_the_Earth",240,"[37142, 51098, 36947, 7545, 1502]","French","Man","White","French",,,1416561463,9781416561460,"http://covers.openlibrary.org/b/isbn/9781416561460-M.jpg"
"Lewis Carroll","Alice's Adventures in Wonderland",1865,22,22,"False",,185806,"186k",7999,"8k",4.01,"Most Read","6324090-alice-s-adventures-in-wonderland",96,"[74858, 58455, 37035, 10789, 4669]","English","Man","White","British",,"Top 200 College English Syllabi Author",1904808166,9781904808169,"http://covers.openlibrary.org/b/isbn/9781904808169-M.jpg"
"Fyodor Dostoevsky","Crime and Punishment",1866,85,85,33,33,550105,"550k",16131,"16k",4.21,"Most Shelved and Most Read","7144.Crime_and_Punishment",671,"[271967, 166376, 76040, 24032, 11690]","Russian","Man","White","Russian","AP English Recommended Author","Top 200 College English Syllabi Author",679420290,9780679420293,"http://covers.openlibrary.org/b/isbn/9780679420293-M.jpg"
"Leo Tolstoy","War and Peace",1867,,"False",58,58,241066,"241k",10116,"10k",4.11,"Most Shelved","656.War_and_Peace",1392,"[109766, 73865, 38610, 11863, 6962]","Russian","Man","White","Russian",,"Top 200 College English Syllabi Author",307266931,9780670034697,"http://covers.openlibrary.org/b/isbn/9780670034697-M.jpg"
"Louisa May Alcott","Little Women",1869,20,20,12,12,1483164,"1M",20259,"20k",4.06,"Most Shelved and Most Read","1934.Little_Women",449,"[618623, 478376, 274548, 76444, 35173]","English","Woman","White","American",,,517214628,9780517214626,"http://covers.openlibrary.org/b/isbn/9780517214626-M.jpg"
"Lewis Carroll","Alice's Adventures in Wonderland & Through the Looking-Glass",1871,,"False",49,49,427282,"427k",9743,"10k",4.07,"Most Shelved","24213.Alice_s_Adventures_in_Wonderland_Through_the_Looking_Glass",239,"[171259, 144539, 85933, 19503, 6048]",,,,,,"Top 200 College English Syllabi Author",785824464,9780785824466,"http://covers.openlibrary.org/b/isbn/9780785824466-M.jpg"
"Jules Verne","Around the World in Eighty Days",1873,98,98,"False",,166870,"167k",5837,"6k",3.92,"Most Read","54479.Around_the_World_in_Eighty_Days",252,"[49144, 66162, 42391, 7683, 1490]","French","Man","White","French",,,2253012696,9782253012696,"http://covers.openlibrary.org/b/isbn/9782253012696-M.jpg"
"Mark Twain","The Adventures of Tom Sawyer",1875,,"False",35,35,692956,"693k",8845,"9k",3.91,"Most Shelved","24583.The_Adventures_of_Tom_Sawyer",244,"[222026, 252739, 163876, 39647, 14668]","English","Man","White","American","AP English Recommended Author","Top 200 College English Syllabi Author",520235754,9780520235755,"http://books.google.com/books/content?id=QmpaAAAAMAAJ&printsec=frontcover&img=1&zoom=1&source=gbs_api"
"Leo Tolstoy","Anna Karenina",1877,63,63,27,27,593498,"593k",21404,"21k",4.04,"Most Shelved and Most Read","15823480-anna-karenina",964,"[243019, 195477, 106806, 32840, 15356]","Russian","Man","White","Russian",,"Top 200 College English Syllabi Author",451528611,9780451528612,"http://books.google.com/books/content?id=MVzLQfVRVXgC&printsec=frontcover&img=1&zoom=1&source=gbs_api"
"Fyodor Dostoevsky","The Brothers Karamazov",1879,,"False",85,85,217425,"217k",9572,"10k",4.32,"Most Shelved","4934.The_Brothers_Karamazov",796,"[118842, 61606, 26779, 7093, 3105]","Russian","Man","White","Russian","AP English Recommended Author","Top 200 College English Syllabi Author",486437914,9780486437910,"http://covers.openlibrary.org/b/isbn/9780486437910-M.jpg"
"Robert Louis Stevenson","Treasure Island",1882,18,18,51,51,362797,"363k",9998,"10k",3.83,"Most Shelved and Most Read","295.Treasure_Island",311,"[100818, 134127, 99226, 22110, 6516]","English","Man","White","Scottish",,"Top 200 College English Syllabi Author",1416500294,9781416500292,"http://covers.openlibrary.org/b/isbn/9781416500292-M.jpg"
"Mark Twain","The Adventures of Huckleberry Finn",1884,,"False",17,17,1087891,"1M",14289,"14k",3.81,"Most Shelved","2956.The_Adventures_of_Huckleberry_Finn",327,"[325596, 375487, 274752, 81742, 30314]","English","Man","White","American","AP English Recommended Author","Top 200 College English Syllabi Author",520228383,9780520228382,"http://books.google.com/books/content?id=QNsKAQAAMAAJ&printsec=frontcover&img=1&zoom=1&source=gbs_api"
"Robert Louis Stevenson","The Strange Case of Dr. Jekyll and Mr. Hyde",1886,25,25,47,47,329730,"330k",10871,"11k",3.8,"Most Shelved and Most Read","51496.The_Strange_Case_of_Dr_Jekyll_and_Mr_Hyde",144,"[83057, 127519, 94788, 20072, 4294]","English","Man","White","Scottish",,"Top 200 College English Syllabi Author",141389508,9780141389509,"https://images-na.ssl-images-amazon.com/images/I/81u5wKTpptL.jpg"
"Leo Tolstoy","The Death of Ivan Ilych",1886,67,67,"False",,74979,"75k",4089,"4k",4.07,"Most Read","18386.The_Death_of_Ivan_Ilych",86,"[27816, 29026, 14492, 2941, 704]","Russian","Man","White","Russian",,"Top 200 College English Syllabi Author",553210351,9780553210354,"http://covers.openlibrary.org/b/isbn/9780553210354-M.jpg"
"Arthur Conan Doyle","A Study in Scarlet",1887,47,47,"False",,280876,"281k",8994,"9k",4.15,"Most Read","102868.A_Study_in_Scarlet",123,"[115519, 107297, 47440, 7228, 3392]","English","Man","White","Scottish",,"Top 200 College English Syllabi Author",141395524,9780141395524,"http://books.google.com/books/content?id=CUMDoQEACAAJ&printsec=frontcover&img=1&zoom=1&source=gbs_api"
"Oscar Wilde","The Picture of Dorian Gray",1890,,"False",14,14,840393,"840k",25419,"25k",4.07,"Most Shelved","5297.The_Picture_of_Dorian_Gray",272,"[328175, 305969, 156224, 37464, 12561]","English","Man","White","British","AP English Recommended Author","Top 200 College English Syllabi Author",1593080255,9781593080259,"http://books.google.com/books/content?id=wAh5wgEACAAJ&printsec=frontcover&img=1&zoom=1&source=gbs_api"
"Frances Hodgson Burnett","A Little Princess",1890,,"False",88,88,255668,"256k",6328,"6k",4.2,"Most Shelved","3008.A_Little_Princess",242,"[118017, 85173, 40851, 7815, 3812]","English","Woman","White","British-American",,,64401871,9780064401876,"http://covers.openlibrary.org/b/isbn/9780064401876-M.jpg"
"Thomas Hardy","Tess of the D'Urbervilles",1891,,"False",65,65,222054,"222k",7960,"8k",3.79,"Most Shelved","32261.Tess_of_the_D_Urbervilles",518,"[68454, 75344, 50760, 18178, 9318]","English","Man","White","British","AP English Recommended Author","Top 200 College English Syllabi Author",199537054,9780199537051,"http://books.google.com/books/content?id=LwQUDAAAQBAJ&printsec=frontcover&img=1&zoom=1&edge=curl&source=gbs_api"
"Charlotte Perkins Gilman","The Yellow Wall-Paper",1892,79,79,"False",,70726,"71k",3484,"3k",4.11,"Most Read","286957.The_Yellow_Wall_Paper",64,"[28726, 25980, 12287, 2799, 934]","English","Woman","White","American",,"Top 200 College English Syllabi Author",860682013,9780860682011,"https://www.gutenberg.org/files/1952/1952-h/images/cover.jpg"
"H.G. Wells","The Time Machine",1895,48,48,71,71,367889,"368k",9545,"10k",3.89,"Most Shelved and Most Read","2493.The_Time_Machine",118,"[105146, 142954, 96469, 18992, 4328]","English","Man","White","British",,"Top 200 College English Syllabi Author",812505042,9780812505047,"http://covers.openlibrary.org/b/isbn/9780812505047-M.jpg"
"Oscar Wilde","The Importance of Being Earnest",1895,57,57,66,66,279673,"280k",8061,"8k",4.17,"Most Shelved and Most Read","92303.The_Importance_of_Being_Earnest",76,"[120206, 101870, 45625, 9044, 2928]","English","Man","White","British","AP English Recommended Author","Top 200 College English Syllabi Author",140621725,9780140621723,"https://images-na.ssl-images-amazon.com/images/I/4119ChGaC5L._SX311_BO1,204,203,200_.jpg"
"Bram Stoker","Dracula",1897,46,46,22,22,832081,"832k",21676,"22k",3.99,"Most Shelved and Most Read","17245.Dracula",488,"[301819, 293146, 178159, 43553, 15404]","English","Man","White","Irish",,"Top 200 College English Syllabi Author",743477367,9780743477369,"http://books.google.com/books/content?id=7jnX3BU6QBwC&printsec=frontcover&img=1&zoom=1&edge=curl&source=gbs_api"
"Henry James","The Turn of the Screw",1898,74,74,"False",,83463,"83k",6111,"6k",3.44,"Most Read","12948.The_Turn_of_the_Screw",121,"[14994, 25382, 27856, 11421, 3810]","English","Man","White","American","AP English Recommended Author","Top 200 College English Syllabi Author",486266842,9780486266848,"http://covers.openlibrary.org/b/isbn/9780486266848-M.jpg"
"H.G. Wells","The War of the Worlds",1898,87,87,"False",,218415,"218k",6625,"7k",3.82,"Most Read","8909.The_War_of_the_Worlds",192,"[57097, 83994, 60577, 13362, 3385]","English","Man","White","British",,,812505158,9780812505153,"http://covers.openlibrary.org/b/isbn/9780812505153-M.jpg"
"Joseph Conrad","Heart of Darkness",1899,45,45,55,55,372518,"373k",12342,"12k",3.42,"Most Shelved and Most Read","4900.Heart_of_Darkness",188,"[81050, 106968, 102250, 51832, 30418]","English","Man","White","Polish (British Citizenship)","AP English Recommended Author","Top 200 College English Syllabi Author",486264645,9780486264646,"http://books.google.com/books/content?id=cWDcDAAAQBAJ&printsec=frontcover&img=1&zoom=1&edge=curl&source=gbs_api"
"L. Frank Baum","The Wonderful Wizard of Oz",1900,50,50,73,73,330076,"330k",11130,"11k",3.98,"Most Shelved and Most Read","236093.The_Wonderful_Wizard_of_Oz",154,"[119812, 112529, 75829, 16304, 5602]","English","Man","White","American",,,688166776,9780688166779,"http://covers.openlibrary.org/b/isbn/9780688166779-M.jpg"
"James Allen","As a Man Thinketh",1902,95,95,"False",,49697,"50k",2666,"3k",4.29,"Most Read","81959.As_a_Man_Thinketh",80,"[26664, 13948, 6526, 1729, 830]","English","Man","White","British",,,1523643536,9781523643530,"https://images-na.ssl-images-amazon.com/images/I/71Wn4rAriKL.jpg"
"Jack London","The Call of the Wild",1903,43,43,84,84,296318,"296k",8863,"9k",3.85,"Most Shelved and Most Read","1852.The_Call_of_the_Wild",172,"[89398, 107863, 72707, 19039, 7311]","English","Man","White","American",,"Top 200 College English Syllabi Author",753454939,9780753454930,"http://books.google.com/books/content?id=i6T-BjTbAq0C&printsec=frontcover&img=1&zoom=1&source=gbs_api"
"J.M. Barrie","Peter Pan",1904,89,89,74,74,238942,"239k",9490,"9k",4.08,"Most Shelved and Most Read","34268.Peter_Pan",176,"[98720, 78748, 46938, 10668, 3868]","English","Man","White","Scottish",,,543949796,9780543949790,"http://books.google.com/books/content?id=Cbgcb7UqYmsC&printsec=frontcover&img=1&zoom=1&source=gbs_api"
"L.M. Montgomery","Anne of Green Gables",1908,34,34,44,44,644993,"645k",18806,"19k",4.25,"Most Shelved and Most Read","8127.Anne_of_Green_Gables",320,"[330773, 187650, 92179, 23071, 11320]","English","Woman","White","Canadian",,,147514002,9780553213133,"http://books.google.com/books/content?id=NQeareO4KakC&printsec=frontcover&img=1&zoom=1&source=gbs_api"
"Frances Hodgson Burnett","The Secret Garden",1910,41,41,32,32,806696,"807k",16188,"16k",4.13,"Most Shelved and Most Read","2998.The_Secret_Garden",331,"[340196, 280265, 146233, 29605, 10397]","English","Woman","White","British-American",,,397321651,9780064401883,"http://books.google.com/books/content?id=9-1NYzVI55sC&printsec=frontcover&img=1&zoom=1&edge=curl&source=gbs_api"
"Gaston Leroux","The Phantom of the Opera",1910,,"False",90,90,184186,"184k",5813,"6k",3.97,"Most Shelved","480204.The_Phantom_of_the_Opera",360,"[67035, 61261, 41993, 10700, 3197]","French","Man","White","French",,,1492699683,9781492699682,"http://covers.openlibrary.org/b/isbn/9781492699682-M.jpg"
"Franz Kafka","The Metamorphosis",1915,11,11,56,56,541216,"541k",14357,"14k",3.8,"Most Shelved and Most Read","485894.The_Metamorphosis",201,"[162741, 190561, 126090, 41979, 19845]","German","Man","White","Bohemian",,"Top 200 College English Syllabi Author",9871165072,9789871165070,"http://covers.openlibrary.org/b/isbn/9789871165070-M.jpg"
"Agatha Christie","The Mysterious Affair at Styles",1920,27,27,"False",,210959,"211k",6073,"6k",3.99,"Most Read","16343.The_Mysterious_Affair_at_Styles",121,"[74393, 78025, 45320, 8117, 5104]","English","Woman","White","British",,,7119275,9780007119271,"http://books.google.com/books/content?id=AtZCsKLkUEkC&printsec=frontcover&img=1&zoom=1&source=gbs_api"
"Hermann Hesse","Siddhartha",1922,30,30,98,98,512959,"513k",15010,"15k",4.01,"Most Shelved and Most Read","52036.Siddhartha",152,"[202357, 169430, 99142, 29950, 12080]","German","Man","White","German-Swiss",,,9502531329,9788845901843,"http://covers.openlibrary.org/b/isbn/9788845901843-M.jpg"
"Agatha Christie","The Murder on the Links",1923,51,51,"False",,36413,"36k",2284,"2k",3.83,"Most Read","639787.The_Murder_on_the_Links",228,"[8602, 14906, 11168, 1528, 209]","English","Woman","White","British",,,7119283,9780007119288,"http://books.google.com/books/content?id=HohJM9tcO6YC&printsec=frontcover&img=1&zoom=1&source=gbs_api"
"Kahlil Gibran","The Prophet",1923,64,64,"False",,206822,"207k",8140,"8k",4.23,"Most Read","2547.The_Prophet",127,"[105510, 58953, 30254, 8395, 3710]","English","Man","Middle Eastern-North African","Lebanese-American",,,394404289,9780394404288,"http://books.google.com/books/content?id=vBUAEAAAQBAJ&printsec=frontcover&img=1&zoom=1&source=gbs_api"
"Virginia Woolf","Mrs. Dalloway",1925,88,88,91,91,199000,"199k",8388,"8k",3.79,"Most Shelved and Most Read","14942.Mrs_Dalloway",194,"[61681, 65670, 46751, 17163, 7735]","English","Woman","White","British","AP English Recommended Author","Top 200 College English Syllabi Author",156628708,9780156628709,"http://books.google.com/books/content?id=8AvXUpD9DiQC&printsec=frontcover&img=1&zoom=1&edge=curl&source=gbs_api"
"F. Scott Fitzgerald","The Great Gatsby",1926,8,8,3,3,3355948,"3M",60661,"61k",3.91,"Most Shelved and Most Read","4671.The_Great_Gatsby",180,"[1178343, 1129415, 718152, 229343, 100695]","English","Man","White","American","AP English Recommended Author","Top 200 College English Syllabi Author",684801523,9780684801520,"http://books.google.com/books/content?id=eaLjDeMV_WsC&printsec=frontcover&img=1&zoom=1&source=gbs_api"
"Ernest Hemingway","The Sun Also Rises",1926,,"False",81,81,343521,"344k",11711,"12k",3.82,"Most Shelved","3876.The_Sun_Also_Rises",189,"[105661, 119574, 79972, 27363, 10951]","English","Man","White","American","AP English Recommended Author","Top 200 College English Syllabi Author",684800713,9780684800714,"http://books.google.com/books/content?id=B79zuiEqIsAC&printsec=frontcover&img=1&zoom=1&source=gbs_api"
"Virginia Woolf","A Room of One's Own",1929,76,76,"False",,97213,"97k",5762,"6k",4.14,"Most Read","18521.A_Room_of_One_s_Own",112,"[40722, 35523, 15881, 3744, 1343]","English","Woman","White","British","AP English Recommended Author","Top 200 College English Syllabi Author",8854152633,9786055340308,"http://books.google.com/books/content?id=e7QCrgEACAAJ&printsec=frontcover&img=1&zoom=1&source=gbs_api"
"Ernest Hemingway","A Farewell to Arms",1929,,"False",95,95,243560,"244k",8735,"9k",3.8,"Most Shelved","10799.A_Farewell_to_Arms",293,"[69069, 89907, 58783, 18705, 7096]","English","Man","White","American","AP English Recommended Author","Top 200 College English Syllabi Author",8804567104,9788804567103,"http://books.google.com/books/content?id=aoEZGQAACAAJ&printsec=frontcover&img=1&zoom=1&source=gbs_api"
"Aldous Huxley","Brave New World",1932,16,16,26,26,1289620,"1M",26039,"26k",3.98,"Most Shelved and Most Read","5129.Brave_New_World",288,"[467216, 463960, 256651, 70671, 31122]","English","Man","White","British",,,60850523,9780060850524,"http://books.google.com/books/content?id=V4kY9WSCgSwC&printsec=frontcover&img=1&zoom=1&source=gbs_api"
"Agatha Christie","Murder on the Orient Express",1934,12,12,"False",,309924,"310k",19990,"20k",4.16,"Most Read","853510.Murder_on_the_Orient_Express",347,"[121857, 127482, 51869, 7282, 1434]","English","Woman","White","British",,,425200450,9780425200452,"http://books.google.com/books/content?id=DZ47PgAACAAJ&printsec=frontcover&img=1&zoom=1&source=gbs_api"
"Margaret Mitchell","Gone with the Wind",1936,,"False",41,41,1007880,"1M",18435,"18k",4.29,"Most Shelved","18405.Gone_with_the_Wind",1037,"[561763, 260150, 126771, 36715, 22481]","English","Woman","White","American",,,1416548890,9781416548898,"http://covers.openlibrary.org/b/isbn/9781416548898-M.jpg"
"John Steinbeck","Of Mice and Men",1937,14,14,13,13,1758926,"2M",30536,"31k",3.86,"Most Shelved and Most Read","890.Of_Mice_and_Men",103,"[563442, 617759, 402271, 123594, 51860]","English","Man","White","American",,"Top 200 College English Syllabi Author",9751409071,9789751412386,"https://i.gr-assets.com/images/S/compressed.photo.goodreads.com/books/1511302904l/890._SX318_.jpg"
"J.R.R. Tolkien","The Hobbit or There and Back Again",1937,15,15,29,29,2573937,"3M",43183,"43k",4.27,"Most Shelved and Most Read","5907.The_Hobbit_or_There_and_Back_Again",366,"[1340314, 769627, 326005, 85908, 52083]","English","Man","White","British",,,618002219,9780618002214,"http://books.google.com/books/content?id=vuj9Xog0h_IC&printsec=frontcover&img=1&zoom=1&source=gbs_api"
"Agatha Christie","Death on the Nile",1937,52,52,"False",,99720,"100k",3896,"4k",4.1,"Most Read","131359.Death_on_the_Nile",214,"[35460, 41665, 19906, 2327, 362]","English","Woman","White","British",,,7119321,9780007815531,"https://images-na.ssl-images-amazon.com/images/I/71rrX1CZRlL.jpg"
"Zora Neale Hurston","Their Eyes Were Watching God",1937,66,66,"False",,235193,"235k",11661,"12k",3.9,"Most Read","37415.Their_Eyes_Were_Watching_God",219,"[78506, 83339, 51419, 15718, 6211]","English","Woman","Black","American","AP English Recommended Author","Top 200 College English Syllabi Author",60931418,9780060931414,"http://covers.openlibrary.org/b/isbn/9780060931414-M.jpg"
"Daphne du Maurier","Rebecca",1938,54,54,54,54,398003,"398k",19878,"20k",4.22,"Most Shelved and Most Read","17899948-rebecca",449,"[187297, 135336, 57297, 12734, 5339]","English","Woman","White","British",,,1844080382,9781844080380,"http://covers.openlibrary.org/b/isbn/9781844080380-M.jpg"
"Kathrine Kressmann Taylor","Address Unknown",1938,99,99,"False",,5737,"6k",833,833,4.18,"Most Read","114437.Address_Unknown",64,"[2443, 2153, 915, 183, 43]","English","Woman","White","American",,,9647948522,9782013224017,"https://images-na.ssl-images-amazon.com/images/I/51tAWJt6vvL.jpg"
"Agatha Christie","And Then There Were None",1939,10,10,"False",,666849,"667k",26342,"26k",4.25,"Most Read","16299.And_Then_There_Were_None",264,"[325838, 222163, 90821, 18034, 9993]","English","Woman","White","British",,,62073486,9780062073488,"http://books.google.com/books/content?id=4EBHUjNLuyIC&printsec=frontcover&img=1&zoom=1&edge=curl&source=gbs_api"
"John Steinbeck","The Grapes of Wrath",1939,92,92,39,39,676785,"677k",15411,"15k",3.95,"Most Shelved and Most Read","18114322-the-grapes-of-wrath",479,"[269662, 209653, 122124, 47328, 28018]","English","Man","White","American",,"Top 200 College English Syllabi Author",143039431,9780143039433,"http://books.google.com/books/content?id=dM_-DwAAQBAJ&printsec=frontcover&img=1&zoom=1&edge=curl&source=gbs_api"
"Albert Camus","The Stranger",1942,19,19,64,64,609739,"610k",19637,"20k",3.97,"Most Shelved and Most Read","49552.The_Stranger",123,"[217365, 220369, 123268, 35368, 13369]","French","Man","White","French",,"Top 200 College English Syllabi Author",2070360024,9782070360024,"http://books.google.com/books/content?id=o1goAQAAIAAJ&printsec=frontcover&img=1&zoom=1&source=gbs_api"
"Stefan Zweig","Chess Story",1942,37,37,"False",,53459,"53k",3688,"4k",4.29,"Most Read","59151.Chess_Story",104,"[25077, 20556, 6550, 987, 289]","German","Man","White","Austrian",,,9755103554,9789755103556,"https://images-na.ssl-images-amazon.com/images/I/81uY6v33adL.jpg"
"Antoine de Saint-Exupéry","The Little Prince",1943,7,7,40,40,1137905,"1M",33184,"33k",4.3,"Most Shelved and Most Read","157993.The_Little_Prince",93,"[632787, 297179, 145251, 42460, 20228]","French","Man","White","French",,,156013924,9780156013925,"http://books.google.com/books/content?id=ye227UI0dTIC&printsec=frontcover&img=1&zoom=1&edge=curl&source=gbs_api"
"Betty Smith","A Tree Grows in Brooklyn",1943,,"False",92,92,359730,"360k",18884,"19k",4.26,"Most Shelved","14891.A_Tree_Grows_in_Brooklyn",496,"[176151, 119332, 49012, 10843, 4392]","English","Woman","White","American",,,60736267,9780060736262,"http://books.google.com/books/content?id=thbHjzJpzMUC&printsec=frontcover&img=1&zoom=1&edge=curl&source=gbs_api"
"George Orwell","Animal Farm",1945,2,2,8,8,2407884,"2M",47471,"47k",3.92,"Most Shelved and Most Read","170448.Animal_Farm",141,"[836836, 846352, 496647, 151762, 76287]","English","Man","White","British","AP English Recommended Author","Top 200 College English Syllabi Author",452284244,9780452284241,"http://covers.openlibrary.org/b/isbn/9780452284241-M.jpg"
"John Steinbeck","The Pearl",1945,70,70,"False",,173042,"173k",7650,"8k",3.45,"Most Read","5308.The_Pearl",96,"[31649, 55271, 55907, 20481, 9734]","English","Man","White","American",,"Top 200 College English Syllabi Author",8431634790,9780140177374,"http://covers.openlibrary.org/b/isbn/9780140177374-M.jpg"
"Anne Frank","The Diary of a Young Girl",1947,31,31,37,37,2451551,"2M",25637,"26k",4.13,"Most Shelved and Most Read","48855.The_Diary_of_a_Young_Girl",283,"[1104405, 779250, 406625, 104772, 56499]","Dutch","Man","White","German-Dutch",,,330107372,9780330107372,"http://books.google.com/books/content?id=pdXOghTIc18C&printsec=frontcover&img=1&zoom=1&source=gbs_api"
"George Orwell",1984,1949,4,4,5,5,2678662,"3M",59674,"60k",4.17,"Most Shelved and Most Read","40961427-1984",237,"[1235175, 884824, 398211, 106404, 54048]","English","Man","White","British","AP English Recommended Author","Top 200 College English Syllabi Author",141036141,9780141036144,"https://m.media-amazon.com/images/I/41E9Z5XaHcL.jpg"
"C.S. Lewis","The Lion, the Witch and the Wardrobe",1950,23,23,63,63,1928778,"2M",18990,"19k",4.21,"Most Shelved and Most Read","100915.The_Lion_the_Witch_and_the_Wardrobe",206,"[917152, 613960, 307221, 65711, 24734]","English","Man","White","British",,,64471047,9780064471046,"http://books.google.com/books/content?id=NRu_lruFlXEC&printsec=frontcover&img=1&zoom=1&edge=curl&source=gbs_api"
"J.D. Salinger","The Catcher in the Rye",1951,17,17,7,7,2473076,"2M",52078,"52k",3.8,"Most Shelved and Most Read","5107.The_Catcher_in_the_Rye",277,"[838610, 767556, 526075, 214375, 126460]","English","Man","White","American",,,316769487,9780316769488,"http://books.google.com/books/content?id=ZotvleqZomIC&printsec=frontcover&img=1&zoom=1&source=gbs_api"
"C.S. Lewis","Prince Caspian",1951,68,68,"False",,314959,"315k",6049,"6k",3.97,"Most Read","121749.Prince_Caspian",240,"[104131, 117270, 77126, 13704, 2728]","English","Man","White","British",,"Top 200 College English Syllabi Author",20442408,9780020442400,"https://images-na.ssl-images-amazon.com/images/I/41ULHT5a6ZL._SY445_QL70_ML2_.jpg"
"Ernest Hemingway","The Old Man and the Sea",1952,9,9,36,36,725974,"726k",21684,"22k",3.76,"Most Shelved and Most Read","2165.The_Old_Man_and_the_Sea",132,"[223463, 236763, 168228, 63299, 34221]","English","Man","White","American","AP English Recommended Author","Top 200 College English Syllabi Author",99908409,9780099908401,"http://books.google.com/books/content?id=t-Dc3s218bsC&printsec=frontcover&img=1&zoom=1&source=gbs_api"
"E.B. White","Charlotte's Web",1952,78,78,86,86,1278922,"1M",16071,"16k",4.16,"Most Shelved and Most Read","24178.Charlotte_s_Web",184,"[591379, 399643, 217079, 47657, 23164]","English","Man","White","American",,,64400557,9780064400558,"http://books.google.com/books/content?id=7NEul8arWTMC&printsec=frontcover&img=1&zoom=1&edge=curl&source=gbs_api"
"John Steinbeck","East of Eden",1952,90,90,62,62,391324,"391k",17332,"17k",4.37,"Most Shelved and Most Read","4406.East_of_Eden",601,"[222771, 110053, 43408, 10476, 4616]","English","Man","White","American",,"Top 200 College English Syllabi Author",142004235,9780142004234,"http://books.google.com/books/content?id=HvQ8g9JdafAC&printsec=frontcover&img=1&zoom=1&source=gbs_api"
"Ray Bradbury","Fahrenheit 451",1953,5,5,18,18,1459387,"1M",41581,"42k",3.98,"Most Shelved and Most Read","13079982-fahrenheit-451",194,"[526970, 528465, 290567, 78906, 34479]","English","Man","White","American",,,307347974,9780307347978,"http://books.google.com/books/content?id=4cZBRwAACAAJ&printsec=frontcover&img=1&zoom=1&source=gbs_api"
"Arthur Miller","The Crucible",1953,,"False",76,76,295964,"296k",6773,"7k",3.57,"Most Shelved","17250.The_Crucible",143,"[61999, 98425, 92327, 32886, 10327]","English","Man","White","American","AP English Recommended Author","Top 200 College English Syllabi Author",140481389,9780140481389,"http://books.google.com/books/content?id=Moio5nt1FB8C&printsec=frontcover&img=1&zoom=1&edge=curl&source=gbs_api"
"J.R.R. Tolkien","The Fellowship of the Ring",1954,35,35,59,59,2138793,"2M",19166,"19k",4.35,"Most Shelved and Most Read","34.The_Fellowship_of_the_Ring",398,"[1239602, 566750, 226918, 62429, 43094]","English","Man","White","British",,,547928211,9780345015339,"https://covers.openlibrary.org/b/id/8177409-M.jpg"
"C.S. Lewis","The Horse and His Boy",1954,60,60,"False",,245379,"245k",6341,"6k",3.91,"Most Read","84119.The_Horse_and_His_Boy",224,"[83468, 79832, 63037, 15710, 3332]","English","Man","White","British",,"Top 200 College English Syllabi Author",64471063,9780064471060,"http://covers.openlibrary.org/b/isbn/9780064471060-M.jpg"
"Richard Matheson","I Am Legend",1954,91,91,"False",,81168,"81k",5105,"5k",4.06,"Most Read","40940649-i-am-legend",162,"[28944, 33111, 15287, 3092, 734]","English","Man","White","American",,,1857988094,9781857988093,"http://covers.openlibrary.org/b/isbn/9781857988093-M.jpg"
"William Golding","Lord of the Flies",1954,,"False",10,10,2042779,"2M",33336,"33k",3.67,"Most Shelved","7624.Lord_of_the_Flies",182,"[547342, 688846, 506351, 189093, 111147]","English","Man","White","British",,,399501487,9780399501487,"http://books.google.com/books/content?id=3C-4dsIGlEgC&printsec=frontcover&img=1&zoom=1&edge=curl&source=gbs_api"
"J.R.R. Tolkien","The Two Towers",1954,,"False",93,93,637259,"637k",8947,"9k",4.44,"Most Shelved","15241.The_Two_Towers",322,"[376274, 182822, 62899, 11630, 3634]","English","Man","White","British",,"Top 200 College English Syllabi Author",618002235,9780618002238,"http://books.google.com/books/content?id=Bv6FxN76KeQC&printsec=frontcover&img=1&zoom=1&source=gbs_api"
"C.S. Lewis","The Magician's Nephew",1955,32,32,"False",,363973,"364k",11215,"11k",4.03,"Most Read","65605.The_Magician_s_Nephew",221,"[137309, 126035, 80109, 16680, 3840]","English","Man","White","British",,,64471101,9780064471107,"http://books.google.com/books/content?id=qmPACx9yEEkC&printsec=frontcover&img=1&zoom=1&edge=curl&source=gbs_api"
"J.R.R. Tolkien","The Return of the King",1955,80,80,99,99,603807,"604k",8478,"8k",4.52,"Most Shelved and Most Read","18512.The_Return_of_the_King",490,"[391767, 151789, 48123, 8971, 3157]","English","Man","White","British",,"Top 200 College English Syllabi Author",345240340,9780345240347,"https://images-na.ssl-images-amazon.com/images/I/51MlPWDaXGL.jpg"
"Vladimir Nabokov","Lolita",1955,,"False",48,48,603255,"603k",21982,"22k",3.89,"Most Shelved","7604.Lolita",417,"[216060, 194600, 125621, 42878, 24096]","English","Man","White","Russian-American","AP English Recommended Author","Top 200 College English Syllabi Author",679723161,9780679723165,"http://books.google.com/books/content?id=WfCKDQAAQBAJ&printsec=frontcover&img=1&zoom=1&edge=curl&source=gbs_api"
"Truman Capote","Breakfast at Tiffany's",1958,58,58,"False",,196046,"196k",9427,"9k",3.89,"Most Read","251688.Breakfast_at_Tiffany_s",142,"[56602, 77011, 49407, 10515, 2511]","English","Man","White","American",,,140274111,9780679600855,"http://covers.openlibrary.org/b/isbn/9780679600855-M.jpg"
"Chinua Achebe","Things Fall Apart",1959,56,56,"False",,257817,"258k",12455,"12k",3.65,"Most Read","37781.Things_Fall_Apart",209,"[60928, 91317, 69855, 25110, 10607]","English","Man","Black","Nigerian","AP English Recommended Author","Top 200 College English Syllabi Author",385667833,9780385667838,"http://books.google.com/books/content?id=Gbs7PgAACAAJ&printsec=frontcover&img=1&zoom=1&source=gbs_api"
"Harper Lee","To Kill a Mockingbird",1960,,"False",2,2,4027181,"4M",83760,"84k",4.27,"Most Shelved","2657.To_Kill_a_Mockingbird",324,"[2098708, 1198294, 521237, 136843, 72099]","English","Woman","White","American",,,1439550417,9781439550410,"http://books.google.com/books/content?id=DXOePwAACAAJ&printsec=frontcover&img=1&zoom=1&source=gbs_api"
"Joseph Heller","Catch-22",1961,,"False",52,52,675293,"675k",16672,"17k",3.98,"Most Shelved","168668.Catch_22",453,"[269757, 215348, 122101, 43965, 24122]","English","Man","White","American",,,99477319,9780099477310,"http://books.google.com/books/content?id=uciYmbP_JV0C&printsec=frontcover&img=1&zoom=1&source=gbs_api"
"Philip K. Dick","The Man in the High Castle",1962,62,62,"False",,149357,"149k",10351,"10k",3.62,"Most Read","216363.The_Man_in_the_High_Castle",259,"[31374, 53953, 44814, 14972, 4244]","English","Man","White","American",,,547572484,9780547572482,"https://images-na.ssl-images-amazon.com/images/I/41PRCALl6aL._SX328_BO1,204,203,200_.jpg"
"Ken Kesey","One Flew Over the Cuckoo's Nest",1962,,"False",70,70,584263,"584k",9769,"10k",4.19,"Most Shelved","332613.One_Flew_Over_the_Cuckoo_s_Nest",325,"[255743, 216305, 87368, 18116, 6731]","English","Man","White","American",,,141181222,9780141181226,"http://books.google.com/books/content?id=j6NsKmZbk58C&printsec=frontcover&img=1&zoom=1&edge=curl&source=gbs_api"
"Anthony Burgess","A Clockwork Orange",1962,,"False",80,80,545903,"546k",12298,"12k",3.99,"Most Shelved","41817486-a-clockwork-orange",240,"[203877, 196367, 99605, 28718, 17336]","English","Man","White","British",,,393312836,9780393312836,"http://books.google.com/books/content?id=SKp0BqzoaP8C&printsec=frontcover&img=1&zoom=1&edge=curl&source=gbs_api"
"Sylvia Plath","The Bell Jar",1963,,"False",57,57,530574,"531k",20194,"20k",4,"Most Shelved","6514.The_Bell_Jar",294,"[190643, 194733, 107689, 27832, 9677]","English","Woman","White","American","AP English Recommended Author","Top 200 College English Syllabi Author",60837020,9780060837020,"http://books.google.com/books/content?id=cZpR_0kN9gEC&printsec=frontcover&img=1&zoom=1&edge=curl&source=gbs_api"
"Frank Herbert","Dune",1965,44,44,"False",,635812,"636k",17349,"17k",4.22,"Most Read","44767458-dune",688,"[321964, 186180, 86618, 26196, 14854]","English","Man","White","American",,,340839937,9780340839935,"http://books.google.com/books/content?id=yldYPwAACAAJ&printsec=frontcover&img=1&zoom=1&source=gbs_api"
"Truman Capote","In Cold Blood",1965,75,75,"False",,475850,"476k",14777,"15k",4.07,"Most Read","168642.In_Cold_Blood",343,"[191095, 170702, 81207, 20486, 12360]","English","Man","White","American",,,141182571,9780141182575,"http://covers.openlibrary.org/b/isbn/9780141182575-M.jpg"
"Daniel Keyes","Flowers for Algernon",1966,26,26,"False",,428030,"428k",15511,"16k",4.11,"Most Read","36576608-flowers-for-algernon",216,"[176111, 152715, 76506, 17484, 5214]","English","Man","White","American",,,156030306,9780156030304,"http://books.google.com/books/content?id=NRWlitmahXkC&printsec=frontcover&img=1&zoom=1&edge=curl&source=gbs_api"
"S.E. Hinton","The Outsiders",1967,36,36,77,77,827348,"827k",29757,"30k",4.08,"Most Shelved and Most Read","231804.The_Outsiders",192,"[343936, 274415, 156620, 39954, 12423]","English","Woman","White","American",,,425288293,9780142407332,"http://books.google.com/books/content?id=QBvcCwAAQBAJ&printsec=frontcover&img=1&zoom=1&edge=curl&source=gbs_api"
"Gabriel García Márquez","One Hundred Years of Solitude",1967,,"False",79,79,678054,"678k",26874,"27k",4.06,"Most Shelved","320.One_Hundred_Years_of_Solitude",417,"[320971, 182580, 101370, 42808, 30325]","Spanish","Man","Latinx","Colombian","AP English Recommended Author",,8420471836,9788420471839,"http://books.google.com/books/content?id=gWxlAAAAMAAJ&printsec=frontcover&img=1&zoom=1&source=gbs_api"
"Philip K. Dick","Do Androids Dream of Electric Sheep?",1968,53,53,"False",,302673,"303k",11537,"12k",4.08,"Most Read","36402034-do-androids-dream-of-electric-sheep",258,"[108735, 124916, 56033, 10481, 2508]","English","Man","White","American",,,345404475,9780345404473,"http://books.google.com/books/content?id=3vExWrUnJB0C&printsec=frontcover&img=1&zoom=1&edge=curl&source=gbs_api"
"Kurt Vonnegut","Slaughterhouse-Five",1969,29,29,43,43,1035089,"1M",24228,"24k",4.07,"Most Shelved and Most Read","4981.Slaughterhouse_Five",275,"[433002, 348666, 173860, 51678, 27883]","English","Man","White","American",,"Top 200 College English Syllabi Author",440180295,9780440180296,"http://books.google.com/books/content?id=gFSHD40Y320C&printsec=frontcover&img=1&zoom=1&edge=curl&source=gbs_api"
"Ursula K. Le Guin","The Left Hand of Darkness",1969,71,71,"False",,102251,"102k",7602,"8k",4.06,"Most Read","18423.The_Left_Hand_of_Darkness",304,"[39193, 38125, 18566, 4820, 1547]","English","Woman","White","American",,,441478123,9780441478125,"http://books.google.com/books/content?id=9B11qVO16OIC&printsec=frontcover&img=1&zoom=1&source=gbs_api"
"Toni Morrison","The Bluest Eye",1970,21,21,"False",,141998,"142k",6641,"7k",4.02,"Most Read","11337.The_Bluest_Eye",216,"[51365, 53517, 27763, 6718, 2635]","English","Woman","Black","American","AP English Recommended Author","Top 200 College English Syllabi Author",307278441,9780307278449,"http://books.google.com/books/content?id=ANKODQAAQBAJ&printsec=frontcover&img=1&zoom=1&edge=curl&source=gbs_api"
"Richard Bach","Jonathan Livingston Seagull",1970,84,84,"False",,180940,"181k",6899,"7k",3.83,"Most Read","71728.Jonathan_Livingston_Seagull",112,"[63053, 53745, 41265, 15864, 7013]","English","Man","White","American",,,8817131628,9788817131629,"http://books.google.com/books/content?id=4ifsNAAACAAJ&printsec=frontcover&img=1&zoom=1&source=gbs_api"
"Stephen King","The Shining",1977,42,42,"False",,991149,"991k",19691,"20k",4.21,"Most Read","11588.The_Shining",659,"[473368, 325980, 139015, 32271, 20515]","English","Man","White","American",,"Top 200 College English Syllabi Author",8497593804,9788497593809,"http://books.google.com/books/content?id=-vc8AAAACAAJ&printsec=frontcover&img=1&zoom=1&source=gbs_api"
"Alice Walker","The Color Purple",1982,55,55,100,100,467743,"468k",12718,"13k",4.2,"Most Shelved and Most Read","11486.The_Color_Purple",295,"[213185, 162615, 69323, 15780, 6840]","English","Woman","Black","American","AP English Recommended Author","Top 200 College English Syllabi Author",143135694,9780143135692,"http://covers.openlibrary.org/b/isbn/9780143135692-M.jpg"
"Margaret Atwood","The Handmaid's Tale",1985,1,1,61,61,1181201,"1M",59562,"60k",4.1,"Most Shelved and Most Read","38447.The_Handmaid_s_Tale",344,"[489019, 423123, 189268, 53399, 26392]","English","Woman","White","Canadian","AP English Recommended Author","Top 200 College English Syllabi Author"," 038549081X"," 9780385490818","https://images-na.ssl-images-amazon.com/images/I/71mfL5OGNNL.jpg"
"Gary Paulsen","Hatchet",1986,72,72,"False",,273262,"273k",13019,"13k",3.71,"Most Read","50.Hatchet",208,"[79447, 87032, 68004, 25202, 13577]","English","Man","White","American",,,1416936475,9781416936473,"http://books.google.com/books/content?id=52hYAwAAQBAJ&printsec=frontcover&img=1&zoom=1&edge=curl&source=gbs_api"
"Paulo Coelho","The Alchemist",1988,3,3,"False",,1808108,"2M",70130,"70k",3.85,"Most Read","18144590-the-alchemist",182,"[674954, 528761, 361476, 151889, 91028]","Portuguese","Man","White","Brazilian",,,61122416,9780061122415,"http://books.google.com/books/content?id=pTr44Sx6oWQC&printsec=frontcover&img=1&zoom=1&edge=curl&source=gbs_api"
"Roald Dahl","Matilda",1988,33,33,"False",,537946,"538k",14293,"14k",4.3,"Most Read","39988.Matilda",240,"[275241, 173797, 71646, 12068, 5194]","English","Man","White","British",,,142410373,9780142410370,"http://covers.openlibrary.org/b/isbn/9780142410370-M.jpg"
"Laura Esquivel","Like Water for Chocolate",1989,100,100,"False",,310020,"310k",8173,"8k",3.94,"Most Read","6952.Like_Water_for_Chocolate",224,"[109782, 108994, 64894, 17068, 9282]","Spanish","Woman","Latinx","Mexican",,,385721234,9780385721233,"http://books.google.com/books/content?id=YtFvTgy9QAwC&printsec=frontcover&img=1&zoom=1&source=gbs_api"
"Tim O'Brien","The Things They Carried",1990,73,73,"False",,230690,"231k",13032,"13k",4.13,"Most Read","133518.The_Things_They_Carried",246,"[97615, 82084, 37479, 9956, 3556]","English","Man","White","American",,"Top 200 College English Syllabi Author",618706410,9780618706419,"https://books.google.com/books/content?id=dEmrDwAAQBAJ&printsec=frontcover&img=1&zoom=1&source=gbs_api"
"Lois Lowry","The Giver",1993,,"False",87,87,1577126,"2M",61653,"62k",4.12,"Most Shelved","3636.The_Giver",208,"[688676, 526926, 261971, 69091, 30462]","English","Woman","White","American",,,544336267,9780544336261,"https://images-na.ssl-images-amazon.com/images/I/91pGNyqd5gL.jpg"
"Mitch Albom","Tuesdays with Morrie",1997,28,28,"False",,702068,"702k",23054,"23k",4.1,"Most Read","6900.Tuesdays_with_Morrie",210,"[300546, 230289, 123019, 34766, 13448]","English","Man","White","American",,,385484518,9780767905923,"http://books.google.com/books/content?id=1nSgwQZXQOsC&printsec=frontcover&img=1&zoom=1&edge=curl&source=gbs_api"
"Mitch Albom","The Five People You Meet in Heaven",2003,86,86,"False",,534984,"535k",19066,"19k",3.92,"Most Read","3431.The_Five_People_You_Meet_in_Heaven",196,"[190760, 175922, 118409, 36379, 13514]","English","Man","White","American",,,786868716,9780786868711,"http://covers.openlibrary.org/b/isbn/9780786868711-M.jpg"
